"province","year","gdp_100m_yuan","population_10k","gdp_percap","ln_gdp_percap"
"Anhui",2008,9691.2,6135,15796.5770171149,9.66754855105785
"Anhui",2009,11063.3,6131,18044.8540205513,9.80061582729916
"Anhui",2010,13474.6,5957,22619.7750545577,10.026579805083
"Anhui",2011,16532.7,5972,27683.6905559277,10.2285987301767
"Anhui",2012,18613.7,5978,31137.0023419204,10.3461521768468
"Anhui",2013,20888.2,5988,34883.4335337341,10.4597673116453
"Anhui",2014,22880.7,5997,38153.5767883942,10.549374788239
"Anhui",2015,24142.7,6011,40164.1989685576,10.60073130489
"Anhui",2016,26801.2,6033,44424.3328360683,10.7015426351514
"Anhui",2017,30141.8,6057,49763.5793297012,10.8150386566931
"Anhui",2018,34377.3,6076,56578.8347597103,10.943390250082
"Anhui",2019,37584.8,6092,61695.3381483913,11.0299636502868
"Anhui",2020,38628.8,6105,63274.0376740377,11.0552303766693
"Anhui",2021,43102.8,6113,70510.0605267463,11.1635106811264
"Beijing",2008,12167.6,1771,68704.6866177301,11.1375726944823
"Beijing",2009,13335.7,1860,71697.311827957,11.1802085339456
"Beijing",2010,15420.2,1962,78594.2915392457,11.2720543490527
"Beijing",2011,17653.3,2024,87219.8616600791,11.3761873552923
"Beijing",2012,19568.3,2078,94168.9124157844,11.4528453892793
"Beijing",2013,21746,2125,102334.117647059,11.5359984021754
"Beijing",2014,23577.5,2171,108602.026715799,11.5954453485159
"Beijing",2015,26034.1,2188,118985.831809872,11.6867597045842
"Beijing",2016,28438.7,2195,129561.275626424,11.7719092190721
"Beijing",2017,31325.9,2194,142779.854147675,11.869059241538
"Beijing",2018,35161.4,2192,160407.846715328,11.9854748928896
"Beijing",2019,37767,2190,172452.054794521,12.0578745336
"Beijing",2020,38503.6,2189,175895.842850617,12.0776472968512
"Beijing",2021,44350.7,2189,202607.1265418,12.2190240456065
"Chongqing",2008,5978.8,2839,21059.5280028179,9.95510837341487
"Chongqing",2009,6744.1,2859,23589.0171388597,10.0685365072209
"Chongqing",2010,8186.5,2885,28376.0831889081,10.2533019281135
"Chongqing",2011,10314.1,2944,35034.3070652174,10.4640830622508
"Chongqing",2012,11797.8,2975,39656.4705882353,10.58800940639
"Chongqing",2013,13275.8,3011,44090.9996678844,10.6940109514423
"Chongqing",2014,14911.7,3043,49003.2862306934,10.7996426407765
"Chongqing",2015,16305.9,3070,53113.680781759,10.8801898158871
"Chongqing",2016,18271.1,3110,58749.5176848875,10.9810382223538
"Chongqing",2017,20260.8,3144,64442.7480916031,11.0735324821234
"Chongqing",2018,21866.8,3163,69133.1014859311,11.143788932477
"Chongqing",2019,23689.6,3188,74308.6574654956,11.2159827443149
"Chongqing",2020,25158.1,3209,78398.5665316298,11.269560922136
"Chongqing",2021,28092.5,3212,87461.0834371108,11.3789492126916
"Fujian",2008,11104.2,3639,30514.4270403957,10.3259548684758
"Fujian",2009,12625.1,3666,34438.3524277141,10.4469261184808
"Fujian",2010,15236.6,3693,41258.0557812077,10.6276016643615
"Fujian",2011,18195.2,3784,48084.5665961945,10.780716543821
"Fujian",2012,20510.8,3841,53399.6355115855,10.8855591992993
"Fujian",2013,22851.7,3885,58820.3346203346,10.9822429009788
"Fujian",2014,25329.4,3945,64206.3371356147,11.0698571940841
"Fujian",2015,27307.5,3984,68542.921686747,11.1352154219894
"Fujian",2016,30199.2,4016,75197.2111553785,11.2278694235505
"Fujian",2017,34432.2,4065,84704.0590405904,11.346918802049
"Fujian",2018,39204.8,4104,95528.2651072125,11.4671774523875
"Fujian",2019,42479.1,4137,102680.928208847,11.5393816747655
"Fujian",2020,43682,4161,104979.572218217,11.5615210599096
"Fujian",2021,49602.6,4187,118468.115595892,11.682399136651
"Gansu",2008,3112.5,2551,12201.0976087809,9.40928119460733
"Gansu",2009,3313.8,2555,12969.8630136986,9.47038371547358
"Gansu",2010,3987.7,2560,15576.953125,9.65354773707768
"Gansu",2011,4880.7,2552,19125,9.85875165869474
"Gansu",2012,5469.1,2550,21447.4509803922,9.97336108188172
"Gansu",2013,6108.3,2537,24076.862435948,10.0890065934228
"Gansu",2014,6629.4,2531,26192.8091663374,10.1732401927782
"Gansu",2015,6793.4,2523,26925.8818866429,10.2008432549383
"Gansu",2016,7207.1,2520,28599.6031746032,10.2611481216978
"Gansu",2017,7642.6,2522,30303.7272006344,10.3190259938543
"Gansu",2018,8364.7,2515,33259.2445328032,10.4120880385023
"Gansu",2019,9053.3,2509,36083.3001195695,10.4935854367224
"Gansu",2020,9323.1,2501,37277.4890043982,10.5261449114988
"Gansu",2021,10608,2490,42602.4096385542,10.6596660949431
"Guangdong",2008,37351.5,9893,37755.483675326,10.5388860070501
"Guangdong",2009,40215.7,10130,39699.6051332675,10.5890965203605
"Guangdong",2010,46821.3,10441,44843.6931328417,10.7109382362575
"Guangdong",2011,54009.6,10756,50213.4622536259,10.824038442111
"Guangdong",2012,58057.6,11041,52583.6427859795,10.8701603767129
"Guangdong",2013,63757.3,11270,56572.5820763088,10.9432797312112
"Guangdong",2014,69593.4,11489,60573.9402907129,11.0116200513627
"Guangdong",2015,75820.8,11678,64926.1859907518,11.0810063034531
"Guangdong",2016,83493.4,11908,70115.3846153846,11.1578975156393
"Guangdong",2017,93004.8,12141,76603.9041265135,11.2464033221389
"Guangdong",2018,101875.9,12348,82503.9682539683,11.3206016712141
"Guangdong",2019,110468.1,12489,88452.3180398751,11.3902189065919
"Guangdong",2020,113708.9,12624,90073.5899873257,11.4083822817311
"Guangdong",2021,127577.4,12684,100581.362346263,11.5187222545364
"Guangxi",2008,6561.9,4816,13625.207641196,9.51967685913613
"Guangxi",2009,7243.4,4856,14916.392092257,9.61021602764248
"Guangxi",2010,8712,4610,18898.0477223427,9.84681390059828
"Guangxi",2011,10472.7,4655,22497.7443609023,10.0211703325405
"Guangxi",2012,11496.6,4694,24492.1175969323,10.1061066140289
"Guangxi",2013,12680.6,4731,26803.2128514056,10.1962770418287
"Guangxi",2014,13856.7,4770,29049.6855345912,10.2767629372504
"Guangxi",2015,15030.2,4811,31241.3219704843,10.3494969196551
"Guangxi",2016,16417.2,4857,33801.1117974058,10.4282489743445
"Guangxi",2017,18071.7,4907,36828.4083961687,10.5140247936307
"Guangxi",2018,19951.7,4947,40330.9076207803,10.6048733924686
"Guangxi",2019,21341.5,4982,42837.2139702931,10.6651624890737
"Guangxi",2020,22250.7,5019,44332.9348475792,10.6994831300949
"Guangxi",2021,25311.5,5037,50251.1415525114,10.8247885431262
"Guizhou",2008,3551.3,3596,9875.69521690768,9.19783198900341
"Guizhou",2009,3910.7,3537,11056.545094713,9.31077784785948
"Guizhou",2010,4583.7,3479,13175.3377407301,9.48610200805102
"Guizhou",2011,5690.5,3530,16120.3966005666,9.68784061877079
"Guizhou",2012,6828.1,3587,19035.6844159465,9.85407062382802
"Guizhou",2013,8079.9,3632,22246.4207048458,10.0099364074559
"Guizhou",2014,9297.5,3677,25285.5588795213,10.1379887164741
"Guizhou",2015,10887.1,3708,29361.1111111111,10.2874263263963
"Guizhou",2016,12133.9,3758,32288.1852048962,10.3824566591656
"Guizhou",2017,14067.3,3803,36990.0078885091,10.5184030980871
"Guizhou",2018,15886.6,3822,41566.1957090529,10.6350425127607
"Guizhou",2019,17251.8,3848,44833.1600831601,10.7107033250323
"Guizhou",2020,18308.3,3858,47455.4173146708,10.767545966429
"Guizhou",2021,19921.3,3852,51716.7705088266,10.8535373891115
"Hainan",2008,1502,854,17587.8220140515,9.77496201051169
"Hainan",2009,1652.2,864,19122.6851851852,9.85863061530053
"Hainan",2010,2073.7,869,23863.0609896433,10.0800869770146
"Hainan",2011,2525.1,890,28371.9101123596,10.2531548541356
"Hainan",2012,2863.6,910,31468.1318681319,10.3567306259873
"Hainan",2013,3201.9,920,34803.2608695652,10.4574663645211
"Hainan",2014,3541.2,936,37833.3333333333,10.5409458272355
"Hainan",2015,3782.7,945,40028.5714285714,10.5973487638297
"Hainan",2016,4151,957,43375.1306165099,10.6776415285763
"Hainan",2017,4552.9,972,46840.5349794239,10.7545042390688
"Hainan",2018,5004.2,982,50959.266802444,10.8387819024354
"Hainan",2019,5442.1,995,54694.472361809,10.9095179295892
"Hainan",2020,5640.8,1012,55739.1304347826,10.9284377005336
"Hainan",2021,6508.9,1020,63812.7450980392,11.0637082158092
"Hebei",2008,14403.8,6989,20609.2430962942,9.93349494813949
"Hebei",2009,15540.3,7034,22093.119135627,10.0030214876969
"Hebei",2010,18254.1,7194,25374.0617180984,10.1414827390338
"Hebei",2011,21711.7,7232,30021.7090707965,10.3096760346394
"Hebei",2012,23437.3,7262,32273.8914899477,10.3820138693449
"Hebei",2013,24659.1,7288,33835.2085620198,10.4292572127384
"Hebei",2014,25644.1,7323,35018.5716236515,10.4636338175623
"Hebei",2015,26744.1,7345,36411.3002042206,10.5026344506176
"Hebei",2016,28879.7,7375,39158.9152542373,10.5753833959093
"Hebei",2017,31065.5,7409,41929.410176812,10.6437427732119
"Hebei",2018,32947,7426,44367.0886075949,10.7002532259838
"Hebei",2019,35623.5,7447,47836.0413589365,10.7755346376869
"Hebei",2020,36821.5,7464,49332.127545552,10.8063308221352
"Hebei",2021,41205.4,7448,55324.1138560687,10.9209641477294
"Heilongjiang",2008,7215.1,3825,18863.0065359477,9.84495795684133
"Heilongjiang",2009,7315.8,3826,19121.2754835337,9.85855689377026
"Heilongjiang",2010,8434.7,3833,22005.4787372815,9.99904673484955
"Heilongjiang",2011,10074,3782,26636.7001586462,10.1900452490634
"Heilongjiang",2012,11171,3724,29997.3147153598,10.3088631471501
"Heilongjiang",2013,12017,3666,32779.5962902346,10.3975615364878
"Heilongjiang",2014,12357.1,3608,34249.1685144124,10.4414175664442
"Heilongjiang",2015,12023.2,3529,34069.7081326155,10.4361639439208
"Heilongjiang",2016,12280.9,3463,35463.182211955,10.4762503164916
"Heilongjiang",2017,12659.5,3399,37244.7778758458,10.5252670227275
"Heilongjiang",2018,13205.7,3327,39692.515779982,10.5889179295073
"Heilongjiang",2019,13962.5,3255,42895.5453149002,10.666523260711
"Heilongjiang",2020,14000.1,3171,44150.4257332072,10.6953578488669
"Heilongjiang",2021,15292.8,3125,48936.96,10.7982882181895
"Henan",2008,17541.9,9429,18604.1998090996,9.83114263040132
"Henan",2009,19077.1,9487,20108.675028987,9.90890659441943
"Henan",2010,22568.2,9405,23995.9595959596,10.0856407449893
"Henan",2011,26212.2,9461,27705.5279568756,10.2293872374951
"Henan",2012,28878.5,9532,30296.3701216953,10.3187831863573
"Henan",2013,31621.4,9573,33031.8604408231,10.405227842588
"Henan",2014,34611.2,9645,35885.1218247797,10.4880780547248
"Henan",2015,36798.2,9701,37932.37810535,10.5435603299322
"Henan",2016,40167.7,9778,41079.6686438945,10.6232685978925
"Henan",2017,44586.5,9829,45362.193509004,10.7224342950147
"Henan",2018,50273.5,9864,50966.6463909165,10.8389267054252
"Henan",2019,53739.3,9901,54276.6387233613,10.9018491872591
"Henan",2020,54160.6,9941,54482.0440599537,10.9056264595754
"Henan",2021,57806.9,9883,58491.2475968835,10.9766324082982
"Hubei",2008,11707.8,5711,20500.4377517072,9.92820151864033
"Hubei",2009,13422.6,5720,23466.0839160839,10.0633114200483
"Hubei",2010,16489.1,5728,28786.8365921788,10.2676734988674
"Hubei",2011,20228.3,5760,35118.5763888889,10.4664855113036
"Hubei",2012,22921,5781,39648.8496799862,10.5878172147881
"Hubei",2013,25851.7,5798,44587.2714729217,10.705203704292
"Hubei",2014,28805.9,5816,49528.7138927098,10.8103078590168
"Hubei",2015,30661.6,5850,52412.9914529915,10.8669097680721
"Hubei",2016,33767.6,5885,57379.0994052676,10.9574353941397
"Hubei",2017,37624.2,5904,63726.6260162602,11.0623577450625
"Hubei",2018,42425.5,5917,71701.030927835,11.1802604048363
"Hubei",2019,45557,5927,76863.5059895394,11.249786478347
"Hubei",2020,43017.6,5745,74878.3289817232,11.2236197949533
"Hubei",2021,50012.9,5830,85785.4202401372,11.3596043437657
"Hunan",2008,11707.8,6380,18350.7836990596,9.81742756096635
"Hunan",2009,12965.9,6406,20240.2435216984,9.91542815503349
"Hunan",2010,15814.9,6570,24071.3850837139,10.0887790731063
"Hunan",2011,19176.4,6581,29139.0366205744,10.2798340188243
"Hunan",2012,21513.7,6590,32645.9787556904,10.3934769649661
"Hunan",2013,23916.3,6600,36236.8181818182,10.4978309577874
"Hunan",2014,26309.1,6611,39795.9461503555,10.5915203305662
"Hunan",2015,28811.7,6615,43555.1020408163,10.681782129054
"Hunan",2016,31225,6625,47132.0754716981,10.7607090561155
"Hunan",2017,34127.7,6633,51451.3794663048,10.8483925526871
"Hunan",2018,36629.3,6635,55206.1793519216,10.918830170781
"Hunan",2019,39930.7,6640,60136.5963855422,11.004373860088
"Hunan",2020,41693.7,6645,62744.4695259594,11.0468257180654
"Hunan",2021,45751.9,6622,69090.7580791302,11.143176253765
"Inner Mongolia",2008,6352.4,2444,25991.8166939444,10.1655370249212
"Inner Mongolia",2009,7227,2458,29401.9528071603,10.2888163731332
"Inner Mongolia",2010,8342.1,2472,33746.359223301,10.4266278156166
"Inner Mongolia",2011,9610.8,2470,38910.1214574899,10.5690096874718
"Inner Mongolia",2012,10638.9,2464,43177.3538961039,10.6730714214153
"Inner Mongolia",2013,11584.9,2455,47189.0020366599,10.7619161367253
"Inner Mongolia",2014,12377.3,2449,50540.2204981625,10.8305247437772
"Inner Mongolia",2015,13062.7,2440,53535.6557377049,10.8881031732837
"Inner Mongolia",2016,13879,2436,56974.5484400657,10.9503599285022
"Inner Mongolia",2017,15009.9,2433,61692.9716399507,11.0299252915728
"Inner Mongolia",2018,16252.9,2422,67105.2848885219,11.1140180812371
"Inner Mongolia",2019,17479.4,2415,72378.4679089027,11.1896641295671
"Inner Mongolia",2020,17623.4,2403,73339.1593841032,11.2028499796576
"Inner Mongolia",2021,21584.8,2400,89936.6666666667,11.406860997893
"Jiangsu",2008,31445.7,7762,40512.3679464056,10.609362587868
"Jiangsu",2009,35074.6,7810,44909.8591549296,10.7124126299141
"Jiangsu",2010,42175.2,7869,53596.6450629051,10.8892417529899
"Jiangsu",2011,49689.5,8023,61933.8152810669,11.0338215983815
"Jiangsu",2012,54658.4,8120,67313.3004926108,11.1171131260117
"Jiangsu",2013,60505.2,8192,73858.88671875,11.2099116154355
"Jiangsu",2014,66228.3,8281,79976.2106025842,11.2894845019658
"Jiangsu",2015,71876,8315,86441.3710162357,11.3672216713955
"Jiangsu",2016,78261.2,8381,93379.3103448276,11.4444250830278
"Jiangsu",2017,86512.9,8423,102710.316989196,11.5396678484096
"Jiangsu",2018,93456.3,8446,110651.551030073,11.614141362824
"Jiangsu",2019,99836.9,8469,117885.110402645,11.6774657884963
"Jiangsu",2020,104566.6,8477,123353.308953639,11.7228079473264
"Jiangsu",2021,119853.2,8505,140920.870076426,11.855953806694
"Jiangxi",2008,7028.7,4400,15974.3181818182,9.67873759801053
"Jiangxi",2009,7733,4432,17448.1046931408,9.7669863081581
"Jiangxi",2010,9503.4,4462,21298.5208426714,9.96639290528013
"Jiangxi",2011,11717.4,4474,26189.9865891819,10.1731324254429
"Jiangxi",2012,12952.8,4475,28944.8044692737,10.2731460012398
"Jiangxi",2013,14473.4,4476,32335.5674709562,10.3839230634702
"Jiangxi",2014,15858.6,4480,35398.6607142857,10.4744292654764
"Jiangxi",2015,17031.1,4485,37973.4671125975,10.5446429609507
"Jiangxi",2016,18761.2,4496,41728.6476868327,10.638943166802
"Jiangxi",2017,20497.6,4511,45439.1487475061,10.72412931967
"Jiangxi",2018,23016.9,4513,51001.329492577,10.8396069798486
"Jiangxi",2019,24724,4516,54747.5642161205,10.9104881574858
"Jiangxi",2020,25825.4,4519,57148.4841779155,10.9534081453002
"Jiangxi",2021,29838.2,4517,66057.5603276511,11.098281767104
"Jilin",2008,4905.4,2734,17942.2092172641,9.79491127280612
"Jilin",2009,5515.3,2740,20128.8321167883,9.90990849990102
"Jilin",2010,6505.9,2747,23683.6548962505,10.0725404223688
"Jilin",2011,7857.7,2725,28835.5963302752,10.2693658866151
"Jilin",2012,8831.3,2698,32732.7650111193,10.396131843338
"Jilin",2013,9608.6,2668,36014.2428785607,10.4916697747107
"Jilin",2014,10077,2642,38141.5594246783,10.5490597651743
"Jilin",2015,10162.9,2613,38893.6088786835,10.5685852199306
"Jilin",2016,10603.5,2567,41306.973120374,10.6287866053842
"Jilin",2017,11083,2526,43875.6927949327,10.6891157508414
"Jilin",2018,11437.4,2484,46044.2834138486,10.737358895299
"Jilin",2019,11949.4,2448,48812.908496732,10.7957500752381
"Jilin",2020,12499.5,2399,52102.959566486,10.8609770316269
"Jilin",2021,13431.1,2375,56552,10.9429158478508
"Liaoning",2008,12303,4315,28512.1668597914,10.2580861825188
"Liaoning",2009,13003.2,4341,29954.3883897719,10.3074311166755
"Liaoning",2010,14105.8,4375,32241.8285714286,10.3810199124883
"Liaoning",2011,16585.3,4379,37874.6289107102,10.5420367450266
"Liaoning",2012,18127.6,4375,41434.5142857143,10.6318694908955
"Liaoning",2013,19534.3,4365,44752.1191294387,10.7088940774296
"Liaoning",2014,20381.5,4358,46768.0128499312,10.75295476211
"Liaoning",2015,20657.8,4338,47620.5624711849,10.7710199316297
"Liaoning",2016,20832,4327,48144.2107695863,10.7819561767596
"Liaoning",2017,22105.4,4312,51264.8423005566,10.8447604609375
"Liaoning",2018,24113.5,4291,56195.5255185272,10.9365924156041
"Liaoning",2019,25665.9,4277,60009.1185410334,11.002251805341
"Liaoning",2020,25839,4255,60726.2044653349,11.014130588426
"Liaoning",2021,28471,4229,67323.2442657839,11.1172608388516
"Ningxia",2008,1153.7,618,18668.284789644,9.83458136245174
"Ningxia",2009,1284.8,625,20556.8,9.93094706543228
"Ningxia",2010,1595.3,633,25202.2116903634,10.134687035139
"Ningxia",2011,1959.3,648,30236.1111111111,10.3167922212006
"Ningxia",2012,2162,659,32807.2837632777,10.3984058356728
"Ningxia",2013,2364.9,666,35509.009009009,10.4775417181698
"Ningxia",2014,2516.4,678,37115.0442477876,10.5217776717317
"Ningxia",2015,2644.7,684,38665.2046783626,10.5626953706632
"Ningxia",2016,2853.3,695,41054.6762589928,10.6226600245678
"Ningxia",2017,3271.6,705,46405.6737588652,10.7451770100247
"Ningxia",2018,3580.6,710,50430.985915493,10.828361065058
"Ningxia",2019,3841.5,717,53577.4058577406,10.8888827256843
"Ningxia",2020,4036.2,721,55980.5825242718,10.9327601689508
"Ningxia",2021,4666.5,725,64365.5172413793,11.0723333221273
"Qinghai",2008,909.2,554,16411.5523465704,9.70574077720729
"Qinghai",2009,953.3,557,17114.9012567325,9.74770478154843
"Qinghai",2010,1160.8,563,20618.1172291297,9.93392544540647
"Qinghai",2011,1388.3,568,24441.9014084507,10.1040542092958
"Qinghai",2012,1547.9,571,27108.5814360771,10.2076056149
"Qinghai",2013,1736.1,571,30404.5534150613,10.3223476595681
"Qinghai",2014,1875.1,576,32553.8194444444,10.390649981596
"Qinghai",2015,2054.3,577,35603.1195840555,10.4801885417665
"Qinghai",2016,2310.7,582,39702.7491408935,10.5891757121592
"Qinghai",2017,2517,586,42952.2184300341,10.6678435775345
"Qinghai",2018,2799.9,587,47698.4667802385,10.7726545333879
"Qinghai",2019,3020.2,590,51189.8305084746,10.8432961684181
"Qinghai",2020,3080.6,593,51949.4097807757,10.8580256351688
"Qinghai",2021,3446.3,594,58018.5185185185,10.9685175233701
"Shaanxi",2008,7256.8,3718,19518.0204410974,9.87909344299553
"Shaanxi",2009,8094.9,3727,21719.6136302656,9.98597098522785
"Shaanxi",2010,9973,3735,26701.4725568942,10.1924739948111
"Shaanxi",2011,12320.1,3765,32722.7091633466,10.3958245856799
"Shaanxi",2012,14311.5,3787,37791.1275415896,10.5398296329344
"Shaanxi",2013,16106.3,3804,42340.4311251314,10.6534977270917
"Shaanxi",2014,17635.6,3827,46082.0486020382,10.7381787518911
"Shaanxi",2015,18188.3,3846,47291.4716588664,10.7640852550282
"Shaanxi",2016,19354.6,3874,49960.2478058854,10.818982924313
"Shaanxi",2017,21776.1,3904,55778.9446721311,10.9291517415355
"Shaanxi",2018,24354.8,3931,61955.7364538285,11.0341754808951
"Shaanxi",2019,26214.5,3944,66466.784989858,11.1044576280286
"Shaanxi",2020,26297,3955,66490.5183312263,11.1048146349929
"Shaanxi",2021,30476.6,3954,77077.8958017198,11.2525718232678
"Shandong",2008,27460.2,9417,29160.2421153234,10.2805614890828
"Shandong",2009,29957.2,9470,31633.7909186906,10.3619811611158
"Shandong",2010,34429.4,9588,35908.8443888194,10.4887389059398
"Shandong",2011,39622,9665,40995.3440248319,10.621213778868
"Shandong",2012,43584.3,9708,44895.2410383189,10.7120870778751
"Shandong",2013,48058.1,9746,49310.5889595732,10.8058941231658
"Shandong",2014,51552.7,9808,52561.8882544861,10.8697465782074
"Shandong",2015,56159.1,9866,56921.8528278938,10.9494346031128
"Shandong",2016,59702.6,9973,59864.2334302617,10.9998345010955
"Shandong",2017,63958.6,10033,63748.2308382338,11.0626967110785
"Shandong",2018,67864.4,10077,67345.837054679,11.1175963693072
"Shandong",2019,72024.3,10106,71268.8501880071,11.1742146271822
"Shandong",2020,74355.9,10165,73148.9424495819,11.2002529490585
"Shandong",2021,84838,10170,83419.8623402163,11.3316417175484
"Shanghai",2008,14877.1,2141,69486.6884633349,11.1488904803065
"Shanghai",2009,16181.4,2210,73219.0045248869,11.2012102909097
"Shanghai",2010,18319.6,2303,79546.6782457664,11.2840992760841
"Shanghai",2011,20406.1,2356,86613.3276740238,11.3692089819474
"Shanghai",2012,21774.9,2399,90766.5694039183,11.4160463184241
"Shanghai",2013,23809.4,2448,97260.6209150327,11.4851494680114
"Shanghai",2014,25964.5,2467,105247.263883259,11.5640677548481
"Shanghai",2015,27821.6,2458,113187.957689178,11.6368050582547
"Shanghai",2016,30963.9,2467,125512.363194163,11.7401595442093
"Shanghai",2017,34378.3,2466,139409.164639092,11.8451685186131
"Shanghai",2018,37769.1,2475,152602.424242424,11.9355912839607
"Shanghai",2019,40241.2,2481,162197.501007658,11.9965700136869
"Shanghai",2020,41603.9,2488,167218.247588424,12.0270551099722
"Shanghai",2021,47059.4,2489,189069.505825633,12.1498699821274
"Shanxi",2008,7295.8,3411,21389.0354734682,9.97063370865528
"Shanxi",2009,7231.2,3427,21100.6711409396,9.95706012658577
"Shanxi",2010,9004.5,3574,25194.4599888081,10.1343794076168
"Shanxi",2011,11005.1,3562,30895.8450308815,10.3383769888246
"Shanxi",2012,11819.7,3548,33313.6978579481,10.413723938474
"Shanxi",2013,12171.8,3535,34432.2489391796,10.4467488733739
"Shanxi",2014,12307,3528,34883.7868480726,10.4597774400218
"Shanxi",2015,12036.1,3519,34203.1827223643,10.4400739807781
"Shanxi",2016,12160.1,3514,34604.7239612977,10.4517454823997
"Shanxi",2017,14679.1,3510,41820.7977207977,10.6411490479035
"Shanxi",2018,16153.1,3502,46125.3569388921,10.7391181198255
"Shanxi",2019,17311,3497,49502.430654847,10.8097770514895
"Shanxi",2020,18202.7,3490,52156.7335243553,10.8620085704899
"Shanxi",2021,23087.8,3480,66344.2528735632,11.1026124176751
"Sichuan",2008,12941.4,8138,15902.4330302286,9.67422739727093
"Sichuan",2009,14396.2,8185,17588.5155772755,9.77500144402135
"Sichuan",2010,17466.7,8045,21711.24922312,9.98558580258585
"Sichuan",2011,21313.1,8064,26429.935515873,10.1822525677873
"Sichuan",2012,24224.9,8085,29962.7705627706,10.3077109087484
"Sichuan",2013,26858.4,8109,33121.7166111728,10.4079444372036
"Sichuan",2014,29357.5,8139,36070.1560388254,10.4932210998884
"Sichuan",2015,30829.1,8196,37614.8121034651,10.5351531907264
"Sichuan",2016,33879.2,8251,41060.7199127378,10.6228072236082
"Sichuan",2017,38517.1,8289,46467.7283146339,10.7465133358967
"Sichuan",2018,43539,8321,52324.239875015,10.8652150202142
"Sichuan",2019,47168.6,8351,56482.5769368938,10.9416874967795
"Sichuan",2020,49445.1,8371,59067.1365428264,10.9864299834674
"Sichuan",2021,55131.3,8372,65852.0066889632,11.0951651803436
"Tianjin",2008,5278.3,1176,44883.5034013605,10.7118255986776
"Tianjin",2009,5828.6,1228,47464.1693811075,10.7677303765548
"Tianjin",2010,6991.6,1299,53822.9407236336,10.8934550627665
"Tianjin",2011,8240.8,1341,61452.6472781506,11.026022194264
"Tianjin",2012,9193,1378,66712.6269956459,11.1081495242663
"Tianjin",2013,10075.2,1410,71455.3191489362,11.1768276263384
"Tianjin",2014,10749.2,1429,75221.833449965,11.2281968062283
"Tianjin",2015,10889.2,1439,75671.9944405837,11.2341634164257
"Tianjin",2016,11487,1443,79604.9896049896,11.2848320533477
"Tianjin",2017,12468.2,1410,88426.9503546099,11.3899320704277
"Tianjin",2018,13411.1,1383,96971.0773680405,11.4821680415601
"Tianjin",2019,14097.2,1385,101784.837545126,11.5306164284408
"Tianjin",2020,14230.8,1387,102601.29776496,11.5386058604201
"Tianjin",2021,16093.2,1373,117211.944646759,11.6717390677131
"Xinjiang",2008,4183.9,2131,19633.5053965275,9.88499284476309
"Xinjiang",2009,4289.5,2159,19867.9944418712,9.89686539647439
"Xinjiang",2010,5425.4,2185,24830.2059496567,10.1198161728559
"Xinjiang",2011,6607.6,2225,29697.0786516854,10.2988039580568
"Xinjiang",2012,7499.5,2253,33286.7288060364,10.4129140621794
"Xinjiang",2013,8518.4,2285,37279.6498905908,10.5262028774086
"Xinjiang",2014,9400.2,2325,40430.9677419355,10.6073512985822
"Xinjiang",2015,9545.7,2385,40023.8993710692,10.5972320389501
"Xinjiang",2016,9913.9,2428,40831.5485996705,10.6172103115804
"Xinjiang",2017,11460.8,2480,46212.9032258065,10.7410143286773
"Xinjiang",2018,13110.1,2520,52024.2063492063,10.8594643959644
"Xinjiang",2019,14024.9,2559,54806.1742868308,10.9115581360571
"Xinjiang",2020,14262.2,2590,55066.4092664093,10.9162951770512
"Xinjiang",2021,16791.5,2589,64857.0876786404,11.0799414771979
"Yunnan",2008,6120.6,4543,13472.5952014088,9.50841291613331
"Yunnan",2009,6690.2,4571,14636.1846423102,9.59125214168607
"Yunnan",2010,7869.9,4602,17101.0430247718,9.74689473623129
"Yunnan",2011,9666.2,4620,20922.5108225108,9.94858093117351
"Yunnan",2012,11266.3,4631,24328.0069099547,10.0993835133902
"Yunnan",2013,13027,4641,28069.3815987934,10.2424346384326
"Yunnan",2014,14275.1,4653,30679.3466580701,10.3313449598851
"Yunnan",2015,15358.6,4663,32937.1649152906,10.4023569318822
"Yunnan",2016,16773.6,4677,35864.0153944836,10.4874897150813
"Yunnan",2017,18864.6,4693,40197.3151502237,10.6015554850689
"Yunnan",2018,21427.5,4703,45561.3438230916,10.7268149128042
"Yunnan",2019,23902.1,4714,50704.4972422571,10.8337698886485
"Yunnan",2020,25214.5,4722,53397.9246082169,10.8855271591784
"Yunnan",2021,27895.3,4690,59478.2515991471,10.9933660053732
"Zhejiang",2008,21607.9,5212,41457.981580967,10.6324357012776
"Zhejiang",2009,23227.5,5276,44024.8294162244,10.6925090586544
"Zhejiang",2010,27902.2,5447,51224.8944373049,10.8439809123398
"Zhejiang",2011,32353.1,5570,58084.5601436266,10.9696551612862
"Zhejiang",2012,34978.5,5685,61527.7044854881,11.027242831798
"Zhejiang",2013,38023.3,5784,65738.7621023513,11.0934440168363
"Zhejiang",2014,40744.1,5890,69175.0424448217,11.1443954182411
"Zhejiang",2015,44222,5985,73888.0534670008,11.2103064357762
"Zhejiang",2016,48095.8,6072,79209.1567852437,11.2798471870948
"Zhejiang",2017,53135.2,6170,86118.6385737439,11.3634811428738
"Zhejiang",2018,59311.7,6273,94550.7731547904,11.4568922512588
"Zhejiang",2019,64632,6375,101383.529411765,11.5266659251091
"Zhejiang",2020,67164.5,6468,103841.218305504,11.5506182643951
"Zhejiang",2021,76765.3,6540,117378.134556575,11.6731559216413
