"province","year","scope1_total","gdp_100m_yuan","ci","ln_ci","d_ln_ci"
"Anhui",2008,225.01719107877,9691.2,0.0232187129642118,-3.76279673214643,NA
"Anhui",2009,251.514180883537,11063.3,0.0227341011166231,-3.78388922991265,-0.0210924977662175
"Anhui",2010,271.441019300864,13474.6,0.0201446439449679,-3.9048168351057,-0.120927605193057
"Anhui",2011,294.086138977077,16532.7,0.0177881494841785,-4.02922280271606,-0.124405967610357
"Anhui",2012,323.996268044684,18613.7,0.0174063334019934,-4.05092115036913,-0.0216983476530723
"Anhui",2013,356.731602392095,20888.2,0.0170781399255127,-4.06995600021065,-0.0190348498415203
"Anhui",2014,363.273619744077,22880.7,0.0158768577772567,-4.14289271571131,-0.0729367155006573
"Anhui",2015,363.910930096453,24142.7,0.0150733319014217,-4.19482819579678,-0.0519354800854677
"Anhui",2016,376.145390022595,26801.2,0.0140346473300671,-4.26622619737377,-0.0713980015769904
"Anhui",2017,382.216441009587,30141.8,0.0126806110122683,-4.36768114404662,-0.101454946672849
"Anhui",2018,398.984276534446,34377.3,0.0116060387678627,-4.45622973288993,-0.0885485888433104
"Anhui",2019,408.064341069902,37584.8,0.010857164094791,-4.52293013165386,-0.0667003987639321
"Anhui",2020,416.010891222511,38628.8,0.0107694489920088,-4.531041950496,-0.00811181884213674
"Anhui",2021,433.784081892224,43102.8,0.0100639420615882,-4.59879633603703,-0.0677543855410301
"Beijing",2008,99.2089234111102,12167.6,0.00815353261211005,-4.80930399630274,NA
"Beijing",2009,100.387283210589,13335.7,0.00752771007225637,-4.8891643906904,-0.0798603943876603
"Beijing",2010,105.039650371145,15420.2,0.00681182153092341,-4.98909571574343,-0.0999313250530278
"Beijing",2011,95.3108176229784,17653.3,0.00539903687259484,-5.22153469824628,-0.232438982502853
"Beijing",2012,97.9980408292761,19568.3,0.00500799971531896,-5.2967187020296,-0.0751840037833178
"Beijing",2013,94.0709773939929,21746,0.00432589797636314,-5.44313553555666,-0.146416833527066
"Beijing",2014,93.2554508516599,23577.5,0.00395527307185494,-5.5327056354292,-0.0895700998725344
"Beijing",2015,92.7630015275807,26034.1,0.00356313456303774,-5.63711462629142,-0.10440899086222
"Beijing",2016,89.9818130265404,28438.7,0.0031640621064444,-5.75589860017823,-0.11878397388681
"Beijing",2017,86.7693207482269,31325.9,0.00276989075328169,-5.88894739880913,-0.133048798630898
"Beijing",2018,89.6908869104849,35161.4,0.0025508337810919,-5.9713350002786,-0.082387601469474
"Beijing",2019,89.1844836918383,37767,0.0023614394495681,-6.04848390962247,-0.0771489093438689
"Beijing",2020,76.784842539326,38503.6,0.00199422502153892,-6.21749976449208,-0.169015854869615
"Beijing",2021,79.8804284598569,44350.7,0.00180110862872191,-6.31935289882606,-0.101853134333975
"Chongqing",2008,126.253214825281,5978.8,0.0211168152179836,-3.85768562611777,NA
"Chongqing",2009,133.081070122882,6744.1,0.01973296216291,-3.92546483524918,-0.0677792091314027
"Chongqing",2010,145.415738179309,8186.5,0.0177628703572111,-4.03064493526475,-0.105180100015578
"Chongqing",2011,166.60567953002,10314.1,0.0161531960646125,-4.12563735015523,-0.0949924148904726
"Chongqing",2012,171.645829074773,11797.8,0.0145489692209372,-4.23023513179603,-0.104597781640801
"Chongqing",2013,149.1216010324,13275.8,0.0112325886976604,-4.48893602053118,-0.258700888735157
"Chongqing",2014,162.896787095497,14911.7,0.010924092296351,-4.51678462645443,-0.0278486059232455
"Chongqing",2015,164.196692636106,16305.9,0.0100697718394021,-4.59821722996594,-0.0814326035115123
"Chongqing",2016,156.581973158609,18271.1,0.00856992590257888,-4.75949619254998,-0.16127896258404
"Chongqing",2017,160.549765854695,20260.8,0.00792415728178034,-4.83783930155681,-0.0783431090068252
"Chongqing",2018,160.604331929589,21866.8,0.00734466551711218,-4.91378100924793,-0.0759417076911211
"Chongqing",2019,156.254672987242,23689.6,0.00659591858820924,-5.02130421696113,-0.107523207713204
"Chongqing",2020,152.856436390421,25158.1,0.00607583388214616,-5.10343603462463,-0.0821318176635017
"Chongqing",2021,165.278990958458,28092.5,0.00588338492332323,-5.13562301547258,-0.0321869808479445
"Fujian",2008,165.749858269307,11104.2,0.0149267716962327,-4.20459892013329,NA
"Fujian",2009,187.81732356593,12625.1,0.0148765018547125,-4.20797236762438,-0.00337344749109203
"Fujian",2010,201.083855900237,15236.6,0.0131974230405889,-4.32773369264634,-0.119761325021962
"Fujian",2011,238.136722020578,18195.2,0.0130878870262805,-4.3360681310141,-0.00833443836775505
"Fujian",2012,233.895088802395,20510.8,0.011403508824736,-4.47383417929631,-0.137766048282209
"Fujian",2013,236.147444628453,22851.7,0.0103339114651625,-4.57232441648862,-0.0984902371923084
"Fujian",2014,249.349727343584,25329.4,0.00984428084927332,-4.62086461686504,-0.0485402003764257
"Fujian",2015,234.241725891319,27307.5,0.00857792642648793,-4.75856306992494,-0.137698453059897
"Fujian",2016,217.92651916448,30199.2,0.00721630106640177,-4.93141277502983,-0.172849705104888
"Fujian",2017,234.969800629697,34432.2,0.00682412975731139,-4.9872904541272,-0.0558776790973772
"Fujian",2018,261.455608976857,39204.8,0.00666896933479719,-5.0102899535136,-0.0229994993863984
"Fujian",2019,278.109292120749,42479.1,0.00654696761750482,-5.02875329569323,-0.0184633421796239
"Fujian",2020,275.817783016871,43682,0.00631422057178862,-5.06495095569208,-0.0361976599988498
"Fujian",2021,299.81699280247,49602.6,0.00604438059300258,-5.10862626616992,-0.0436753104778402
"Gansu",2008,103.347354062962,3112.5,0.0332039691768553,-3.40508585668591,NA
"Gansu",2009,100.81326106755,3313.8,0.0304222527212113,-3.49258094094113,-0.0874950842552202
"Gansu",2010,127.587063357325,3987.7,0.0319951509284361,-3.44217092115114,0.0504100197899904
"Gansu",2011,140.316128685476,4880.7,0.0287491812005401,-3.54914599212555,-0.106975070974413
"Gansu",2012,154.249052105961,5469.1,0.0282037359174199,-3.56830083047155,-0.0191548383459978
"Gansu",2013,160.898870901168,6108.3,0.0263410230180522,-3.63662774446707,-0.0683269139955178
"Gansu",2014,164.619292016312,6629.4,0.0248317030223416,-3.69563409452684,-0.0590063500597751
"Gansu",2015,160.084998474831,6793.4,0.023564783241798,-3.74800191695989,-0.0523678224330433
"Gansu",2016,153.935134115742,7207.1,0.0213588175709706,-3.84629062358671,-0.0982887066268199
"Gansu",2017,151.9586686043,7642.6,0.0198831115856254,-3.91788457160982,-0.0715939480231098
"Gansu",2018,162.990319036382,8364.7,0.0194854948816314,-3.9380849424318,-0.020200370821986
"Gansu",2019,164.488402642656,9053.3,0.0181688889844207,-4.00804454404503,-0.069959601613228
"Gansu",2020,175.86981328525,9323.1,0.0188638771744645,-3.97050644631601,0.0375380977290209
"Gansu",2021,189.452544765254,10608,0.0178594027870714,-4.02522514266669,-0.0547186963506832
"Guangdong",2008,416.922575400553,37351.5,0.011162137408151,-4.49522781633949,NA
"Guangdong",2009,437.572791098939,40215.7,0.0108806458944874,-4.52076967401424,-0.0255418576747477
"Guangdong",2010,476.841155683971,46821.3,0.0101842784306282,-4.58691007809407,-0.0661404040798326
"Guangdong",2011,526.26369382227,54009.6,0.00974389171225616,-4.63111468135055,-0.0442046032564845
"Guangdong",2012,513.440316916306,58057.6,0.00884363661116385,-4.72805710557332,-0.0969424242227657
"Guangdong",2013,506.564296763958,63757.3,0.00794519681297605,-4.83518770737126,-0.107130601797941
"Guangdong",2014,513.873692640581,69593.4,0.00738394291183619,-4.9084475131446,-0.0732598057733416
"Guangdong",2015,515.079784941778,75820.8,0.0067933836749517,-4.99180612943881,-0.0833586162942117
"Guangdong",2016,530.315417799062,83493.4,0.00635158488933332,-5.05905090834827,-0.0672447789094566
"Guangdong",2017,556.859016875458,93004.8,0.00598742233600264,-5.11809428735175,-0.0590433790034837
"Guangdong",2018,567.506958593013,101875.9,0.00557057124003825,-5.19025767374168,-0.0721633863899269
"Guangdong",2019,569.119531239861,110468.1,0.00515189028542956,-5.26839158593681,-0.0781339121951348
"Guangdong",2020,566.571828771506,113708.9,0.00498265156704098,-5.30179308646223,-0.0334015005254171
"Guangdong",2021,629.737181952066,127577.4,0.00493611863819192,-5.3111759573778,-0.009382870915565
"Guangxi",2008,132.978157912084,6561.9,0.0202651911659861,-3.89885058563839,NA
"Guangxi",2009,151.784671539526,7243.4,0.0209548929424753,-3.86538310654321,0.033467479095171
"Guangxi",2010,174.605332917501,8712,0.0200419344487489,-3.90992847804545,-0.044545371502231
"Guangxi",2011,195.174900080022,10472.7,0.0186365407277992,-3.98263107021998,-0.0727025921745295
"Guangxi",2012,208.200895179005,11496.6,0.0181097798635253,-4.01130316268111,-0.0286720924611306
"Guangxi",2013,213.714454543513,12680.6,0.0168536547595156,-4.08318774602858,-0.0718845833474786
"Guangxi",2014,212.202669201886,13856.7,0.0153140841038549,-4.17898234434763,-0.0957945983190429
"Guangxi",2015,203.064907764268,15030.2,0.0135104594592399,-4.30429111876227,-0.125308774414639
"Guangxi",2016,216.804331970364,16417.2,0.0132059262219114,-4.32708959393509,-0.022798475172821
"Guangxi",2017,227.891583621917,18071.7,0.0126104120598459,-4.37323245231113,-0.0461428583760473
"Guangxi",2018,231.832855362296,19951.7,0.01161970435413,-4.455052970728,-0.0818205184168672
"Guangxi",2019,246.71670901614,21341.5,0.0115604202617501,-4.46016806157605,-0.00511509084805084
"Guangxi",2020,268.097057787973,22250.7,0.0120489269006356,-4.41877967690017,0.0413883846758862
"Guangxi",2021,288.032283915962,25311.5,0.0113795027523443,-4.47594154611169,-0.0571618692115212
"Guizhou",2008,163.400303435695,3551.3,0.0460114052419381,-3.07886597318296,NA
"Guizhou",2009,184.703207410405,3910.7,0.0472302164345014,-3.05272141252053,0.0261445606624298
"Guizhou",2010,192.423046154853,4583.7,0.0419798516820151,-3.17056549765889,-0.117844085138362
"Guizhou",2011,212.560059026876,5690.5,0.037353494249517,-3.2873288175753,-0.116763319916402
"Guizhou",2012,232.278423232586,6828.1,0.034018017198428,-3.3808649771219,-0.0935361595466038
"Guizhou",2013,235.471178574759,8079.9,0.0291428332745156,-3.53554625320529,-0.154681276083387
"Guizhou",2014,233.310798821335,9297.5,0.0250939283486244,-3.68512936056773,-0.149583107362443
"Guizhou",2015,234.981365727498,10887.1,0.0215834671976466,-3.83582766488227,-0.150698304314538
"Guizhou",2016,250.96647495998,12133.9,0.0206830841658477,-3.87843910284829,-0.0426114379660203
"Guizhou",2017,257.657766063325,14067.3,0.0183160781431636,-3.99997601780834,-0.121536914960047
"Guizhou",2018,252.723882267391,15886.6,0.0159079905245547,-4.14093374727713,-0.140957729468795
"Guizhou",2019,261.129235274056,17251.8,0.0151363472376248,-4.19065632576076,-0.0497225784836282
"Guizhou",2020,252.777299138472,18308.3,0.0138067051085285,-4.28260092738959,-0.0919446016288346
"Guizhou",2021,265.862994397807,19921.3,0.0133456649113164,-4.31656367261479,-0.0339627452251987
"Hainan",2008,24.847157427525,1502,0.0165427146654627,-4.1018094755588,NA
"Hainan",2009,26.9971309139227,1652.2,0.0163401107093104,-4.11413241421764,-0.0123229386588433
"Hainan",2010,28.9259265393762,2073.7,0.0139489446590038,-4.27235142526081,-0.15821901104317
"Hainan",2011,34.9217137645575,2525.1,0.0138298339727367,-4.2809271382411,-0.00857571298029658
"Hainan",2012,37.2641984261996,2863.6,0.0130130599337197,-4.34180181551767,-0.06087467727657
"Hainan",2013,39.4744218062855,3201.9,0.0123284368051112,-4.39584674963946,-0.054044934121781
"Hainan",2014,40.7360642472776,3541.2,0.0115034633026312,-4.46510713220098,-0.069260382561529
"Hainan",2015,42.2815165487586,3782.7,0.0111776023868556,-4.4938432898126,-0.0287361576116147
"Hainan",2016,39.8545876643642,4151,0.00960120155730286,-4.64586702612144,-0.152023736308836
"Hainan",2017,42.1565919778165,4552.9,0.00925928352869962,-4.6821286060281,-0.0362615799066601
"Hainan",2018,42.193660219002,5004.2,0.00843164945825546,-4.77576286083484,-0.093634254806747
"Hainan",2019,43.0670842557787,5442.1,0.00791368851284958,-4.83916129579658,-0.0633984349617336
"Hainan",2020,40.2500039390283,5640.8,0.00713551339154523,-4.9426710766762,-0.103509780879628
"Hainan",2021,45.6527151872245,6508.9,0.00701389100880709,-4.95986266647711,-0.0171915898009098
"Hebei",2008,554.430384715875,14403.8,0.03849195245115,-3.25730608678049,NA
"Hebei",2009,577.793798461794,15540.3,0.0371803503447034,-3.29197487379877,-0.0346687870182776
"Hebei",2010,681.786154484037,18254.1,0.0373497545474188,-3.28742893911383,0.00454593468494524
"Hebei",2011,760.702268495208,21711.7,0.0350365134234172,-3.35136452062103,-0.0639355815072062
"Hebei",2012,751.775479722807,23437.3,0.0320760275169413,-3.43964633417074,-0.088281813549711
"Hebei",2013,823.113467710854,24659.1,0.0333797043570468,-3.39980721767662,0.0398391164941221
"Hebei",2014,791.427959974341,25644.1,0.0308619900863879,-3.47822994655708,-0.0784227288804566
"Hebei",2015,788.413061680606,26744.1,0.0294798875894349,-3.52404702478106,-0.0458170782239851
"Hebei",2016,807.559341643905,28879.7,0.0279628715548951,-3.57687766464057,-0.0528306398595118
"Hebei",2017,792.325769961344,31065.5,0.0255050061953403,-3.66888052470038,-0.09200286005981
"Hebei",2018,912.204315673728,32947,0.027687022055839,-3.58679149341737,0.0820890312830169
"Hebei",2019,914.209118220385,35623.5,0.025663090887206,-3.66270147158483,-0.0759099781674637
"Hebei",2020,939.363100318423,36821.5,0.0255112665241346,-3.66863509991758,-0.00593362833275179
"Hebei",2021,885.506551930991,41205.4,0.0214900608155968,-3.84016473838306,-0.171529638465477
"Heilongjiang",2008,197.337011408439,7215.1,0.027350558053033,-3.59901834618947,NA
"Heilongjiang",2009,203.168793935824,7315.8,0.0277712340326177,-3.58375454103398,0.0152638051554916
"Heilongjiang",2010,224.858880023244,8434.7,0.0266587881042888,-3.62463642271833,-0.0408818816843484
"Heilongjiang",2011,254.786700147896,10074,0.0252915128199222,-3.67728640119167,-0.0526499784733359
"Heilongjiang",2012,279.462101035408,11171,0.0250167488170628,-3.68820972574954,-0.0109233245578757
"Heilongjiang",2013,266.448903072293,12017,0.0221726639820498,-3.8088951010008,-0.120685375251263
"Heilongjiang",2014,277.886893097565,12357.1,0.0224880346600387,-3.79477190411092,0.0141231968898867
"Heilongjiang",2015,273.277810063456,12023.2,0.0227292077037275,-3.78410449857837,0.0106674055325491
"Heilongjiang",2016,277.680735215449,12280.9,0.0226107805792287,-3.7893284696602,-0.00522397108183403
"Heilongjiang",2017,276.910844390516,12659.5,0.0218737583941322,-3.82246760747471,-0.0331391378145023
"Heilongjiang",2018,255.097544445641,13205.7,0.0193172300177682,-3.9467578342983,-0.124290226823591
"Heilongjiang",2019,280.915533227684,13962.5,0.0201192861756623,-3.90607641272678,0.040681421571521
"Heilongjiang",2020,273.059349294109,14000.1,0.0195040999202941,-3.93713058318959,-0.0310541704628102
"Heilongjiang",2021,287.536209240492,15292.8,0.0188020643204967,-3.97378861089254,-0.0366580277029569
"Henan",2008,435.562415162985,17541.9,0.0248298311564303,-3.69570947946785,NA
"Henan",2009,450.725563619481,19077.1,0.0236265241372893,-3.74538529393556,-0.0496758144677063
"Henan",2010,513.611844093879,22568.2,0.0227582104064072,-3.7828293017079,-0.0374440077723404
"Henan",2011,556.076005337778,26212.2,0.0212143965534285,-3.85307524506761,-0.0702459433597098
"Henan",2012,529.24561575855,28878.5,0.0183266310839742,-3.99940002649519,-0.146324781427586
"Henan",2013,492.902326599886,31621.4,0.0155876187202301,-4.16127835163096,-0.161878325135765
"Henan",2014,544.977304594756,34611.2,0.0157456922786484,-4.15118845723768,0.0100898943932828
"Henan",2015,527.430556857648,36798.2,0.0143330531617755,-4.2451869990006,-0.0939985417629199
"Henan",2016,521.471900453752,40167.7,0.0129823689296064,-4.34416307822541,-0.0989760792248093
"Henan",2017,501.855728451092,44586.5,0.0112557776109605,-4.48687371674258,-0.142710638517174
"Henan",2018,490.678165317225,50273.5,0.00976017514828338,-4.62944493319732,-0.142571216454736
"Henan",2019,460.630819265504,53739.3,0.00857158205011051,-4.75930296012943,-0.129858026932115
"Henan",2020,473.656993991204,54160.6,0.00874541629877076,-4.73922556743984,0.0200773926895899
"Henan",2021,483.738032028413,57806.9,0.00836817113577121,-4.7833199206532,-0.0440943532133637
"Hubei",2008,253.979778858475,11707.8,0.0216932112658633,-3.83075591227299,NA
"Hubei",2009,275.184381931394,13422.6,0.0205015706294901,-3.88725377969995,-0.0564978674269607
"Hubei",2010,337.658567616621,16489.1,0.0204776832948203,-3.88841960557952,-0.00116582587957748
"Hubei",2011,384.299869954061,20228.3,0.0189981298455165,-3.96341473384351,-0.0749951282639851
"Hubei",2012,376.939645486438,22921,0.0164451658080554,-4.10772371681029,-0.144308982966777
"Hubei",2013,319.455591872287,25851.7,0.0123572373140755,-4.3935133702152,-0.285789653404917
"Hubei",2014,320.145863526445,28805.9,0.0111138990111902,-4.49955879079605,-0.106045420580841
"Hubei",2015,317.996539327078,30661.6,0.0103711658663305,-4.56872583622016,-0.0691670454241127
"Hubei",2016,319.762018162283,33767.6,0.00946949200305273,-4.65968001598404,-0.0909541797638802
"Hubei",2017,331.61277739017,37624.2,0.00881381603835218,-4.73143478430816,-0.0717547683241202
"Hubei",2018,329.077527615371,42425.5,0.00775659750893616,-4.85921150628432,-0.127776721976167
"Hubei",2019,354.752471487353,45557,0.00778700246915629,-4.85529928530036,0.00391222098396327
"Hubei",2020,317.486104016994,43017.6,0.00738037696238271,-4.90893056276059,-0.0536312774602319
"Hubei",2021,361.054888222069,50012.9,0.00721923520175932,-4.93100625942231,-0.0220756966617142
"Hunan",2008,226.524122434642,11707.8,0.0193481373472934,-3.94515912526153,NA
"Hunan",2009,239.048511621926,12965.9,0.0184367079510042,-3.99341160439445,-0.0482524791329144
"Hunan",2010,262.153867543972,15814.9,0.0165763847728391,-4.09977620052733,-0.106364596132883
"Hunan",2011,291.884065842439,19176.4,0.015221004247014,-4.18507894666133,-0.0853027461339959
"Hunan",2012,291.222809601385,21513.7,0.0135366212971913,-4.30235657755643,-0.117277630895103
"Hunan",2013,281.202295768717,23916.3,0.0117577675379853,-4.44324118973798,-0.140884612181547
"Hunan",2014,278.68290248752,26309.1,0.0105926429443622,-4.54759558068917,-0.104354390951194
"Hunan",2015,292.525927419508,28811.7,0.0101530255909755,-4.58998353013284,-0.0423879494436736
"Hunan",2016,308.089740834207,31225,0.00986676511878965,-4.61858322811431,-0.0285996979814644
"Hunan",2017,322.954904577206,34127.7,0.00946313125634621,-4.66035195107287,-0.0417687229585662
"Hunan",2018,305.970569854121,36629.3,0.00835316453915639,-4.78511482519139,-0.124762874118513
"Hunan",2019,310.641666458315,39930.7,0.00777951967930227,-4.85626068057658,-0.0711458553851978
"Hunan",2020,302.314261143,41693.7,0.00725083792378704,-4.92663824109915,-0.0703775605225614
"Hunan",2021,310.873566230814,45751.9,0.00679476844089128,-4.99160230982706,-0.0649640687279103
"Inner Mongolia",2008,411.425066414574,6352.4,0.0647668702245724,-2.73696106832935,NA
"Inner Mongolia",2009,445.309728725966,7227,0.0616175077799869,-2.78680923161714,-0.0498481632877965
"Inner Mongolia",2010,490.621977617409,8342.1,0.0588127662839584,-2.83339633397056,-0.0465871023534148
"Inner Mongolia",2011,616.552193122076,9610.8,0.0641520157658131,-2.74649976572028,0.0868965682502729
"Inner Mongolia",2012,635.165129618301,10638.9,0.0597021430428241,-2.81838736236313,-0.0718875966428492
"Inner Mongolia",2013,590.556137667602,11584.9,0.0509763690379375,-2.97639310583592,-0.158005743472783
"Inner Mongolia",2014,600.609967350202,12377.3,0.0485251199655985,-3.02567367768698,-0.0492805718510603
"Inner Mongolia",2015,601.545969559321,13062.7,0.0460506610087747,-3.07801316223021,-0.0523394845432343
"Inner Mongolia",2016,606.107496377723,13879,0.0436708333725573,-3.13107482825578,-0.0530616660255667
"Inner Mongolia",2017,656.846847797345,15009.9,0.0437609076541047,-3.12901437944493,0.00206044881084999
"Inner Mongolia",2018,723.568563092747,16252.9,0.0445193511984167,-3.11183132594206,0.0171830535028632
"Inner Mongolia",2019,794.279374871464,17479.4,0.0454408832609508,-3.09134306679709,0.0204882591449742
"Inner Mongolia",2020,839.74307666044,17623.4,0.0476493228696188,-3.04388685948408,0.0474562073130147
"Inner Mongolia",2021,843.398873405289,21584.8,0.0390737404750236,-3.24230463671878,-0.198417777234702
"Jiangsu",2008,496.582202115003,31445.7,0.0157917362982857,-4.14826849486725,NA
"Jiangsu",2009,515.622398002454,35074.6,0.0147007349478669,-4.21985778999369,-0.0715892951264392
"Jiangsu",2010,589.821057111109,42175.2,0.0139850209865302,-4.26976845168363,-0.049910661689939
"Jiangsu",2011,636.938060608866,49689.5,0.0128183632479471,-4.35687650740735,-0.0871080557237134
"Jiangsu",2012,656.742258033947,54658.4,0.0120153948530134,-4.42156654699508,-0.0646900395877372
"Jiangsu",2013,706.623820107584,60505.2,0.0116787287721978,-4.4499861455021,-0.0284195985070186
"Jiangsu",2014,708.242386333021,66228.3,0.0106939538887911,-4.53807675434155,-0.0880906088394457
"Jiangsu",2015,721.654866067306,71876,0.0100402758370987,-4.60115069128134,-0.0630739369397935
"Jiangsu",2016,743.044413907817,78261.2,0.00949441631239767,-4.65705140976198,-0.0559007184806353
"Jiangsu",2017,757.880505758136,86512.9,0.00876031789199225,-4.73752308565206,-0.080471675890081
"Jiangsu",2018,764.049312673139,93456.3,0.00817547145214543,-4.80661689387446,-0.0690938082224042
"Jiangsu",2019,800.803663319188,99836.9,0.00802111907840876,-4.82567733087676,-0.0190604370022962
"Jiangsu",2020,773.971149426631,104566.6,0.00740170522352865,-4.90604486970624,-0.0803675388294831
"Jiangsu",2021,817.680205639677,119853.2,0.00682234771904027,-4.98755162603539,-0.0815067563291478
"Jiangxi",2008,130.289268988666,7028.7,0.0185367520293463,-3.98799992138965,NA
"Jiangxi",2009,142.182095984308,7733,0.0183864083776423,-3.99614356245023,-0.0081436410605833
"Jiangxi",2010,151.892778529027,9503.4,0.0159829933001901,-4.13623004077921,-0.140086478328977
"Jiangxi",2011,165.332738826907,11717.4,0.0141100191874398,-4.26087015327144,-0.124640112492229
"Jiangxi",2012,166.15725369851,12952.8,0.0128279023607645,-4.3561326085955,-0.0952624553240611
"Jiangxi",2013,202.405365373549,14473.4,0.0139846453061167,-4.26979531510128,0.0863372934942159
"Jiangxi",2014,207.660080446449,15858.6,0.0130944774725669,-4.335564704639,-0.0657693895377163
"Jiangxi",2015,216.135882537863,17031.1,0.0126906590025226,-4.36688906775135,-0.0313243631123532
"Jiangxi",2016,219.102571420849,18761.2,0.0116784945217176,-4.45000620357812,-0.0831171358267691
"Jiangxi",2017,228.979603007775,20497.6,0.0111710445616938,-4.49443015534993,-0.0444239517718037
"Jiangxi",2018,236.629284772599,23016.9,0.0102806757110036,-4.57748929047291,-0.0830591351229844
"Jiangxi",2019,242.308256497832,24724,0.00980052809002717,-4.62531900801998,-0.0478297175470725
"Jiangxi",2020,241.516307343098,25825.4,0.00935189028410393,-4.67217678669214,-0.0468577786721625
"Jiangxi",2021,245.414804786767,29838.2,0.00822485286601627,-4.80059487112095,-0.128418084428802
"Jilin",2008,179.356841780455,4905.4,0.0365631430220685,-3.30871456721634,NA
"Jilin",2009,185.731687179948,5515.3,0.0336757179446173,-3.39097823710251,-0.0822636698861703
"Jilin",2010,202.647674262803,6505.9,0.0311482922059674,-3.46899586010017,-0.0780176229976588
"Jilin",2011,234.433201893691,7857.7,0.02983483740709,-3.51207852776016,-0.0430826676599936
"Jilin",2012,229.936903092386,8831.3,0.026036586130285,-3.64825257122377,-0.136174043463609
"Jilin",2013,223.477678174203,9608.6,0.0232580894380246,-3.76110227464509,-0.112849703421322
"Jilin",2014,223.31449659944,10077,0.022160811412071,-3.80942980170522,-0.0483275270601227
"Jilin",2015,208.313595988104,10162.9,0.0204974560399201,-3.88745449615192,-0.0780246944467065
"Jilin",2016,201.394047335111,10603.5,0.0189931670990816,-3.96367599086089,-0.0762214947089701
"Jilin",2017,204.336008241019,11083,0.0184368860634322,-3.99340194369102,-0.0297259528301268
"Jilin",2018,196.318432034517,11437.4,0.0171646031470891,-4.06490597222969,-0.0715040285386719
"Jilin",2019,203.661561288323,11949.4,0.0170436642248417,-4.07197674402893,-0.00707077179923399
"Jilin",2020,200.593821511083,12499.5,0.0160481476467925,-4.13216184748132,-0.0601851034523904
"Jilin",2021,204.625419509102,13431.1,0.0152351944002429,-4.18414710651804,-0.0519852590367229
"Liaoning",2008,371.406413845229,12303,0.03018828040683,-3.50030149591742,NA
"Liaoning",2009,406.892743051116,13003.2,0.031291739191208,-3.46440113987357,0.0359003560438453
"Liaoning",2010,458.759677276089,14105.8,0.0325227691641799,-3.42581484527775,0.0385862945958224
"Liaoning",2011,471.242756369063,16585.3,0.0284132790102719,-3.56089867230791,-0.135083827030162
"Liaoning",2012,481.316773031272,18127.6,0.0265515993860893,-3.62866529257791,-0.0677666202699965
"Liaoning",2013,502.555428956762,19534.3,0.0257268204623028,-3.66022123349556,-0.0315559409176562
"Liaoning",2014,506.38679603461,20381.5,0.0248454135384839,-3.69508210932965,-0.0348608758340876
"Liaoning",2015,493.944343166703,20657.8,0.0239107912346282,-3.73342540585416,-0.0383432965245079
"Liaoning",2016,480.46909233874,20832,0.0230639925277813,-3.76948264262366,-0.0360572367695018
"Liaoning",2017,496.832435319365,22105.4,0.0224756138915995,-3.79532438457704,-0.0258417419533776
"Liaoning",2018,521.002778610988,24113.5,0.0216062694594724,-3.83477175365385,-0.0394473690768082
"Liaoning",2019,533.388435865284,25665.9,0.0207819883918072,-3.87366861012141,-0.0388968564675625
"Liaoning",2020,543.873935285828,25839,0.0210485674865834,-3.86092277406335,0.0127458360580581
"Liaoning",2021,545.674048308261,28471,0.0191659600403309,-3.95461948798756,-0.0936967139242091
"Ningxia",2008,75.3902521391059,1153.7,0.0653464957433526,-2.72805146325169,NA
"Ningxia",2009,79.9977662350173,1284.8,0.0622647620135564,-2.77635963097073,-0.0483081677190356
"Ningxia",2010,97.9151904224545,1595.3,0.0613772898028299,-2.79071538516698,-0.0143557541962527
"Ningxia",2011,139.837826326354,1959.3,0.0713713195153137,-2.63985917779521,0.15085620737177
"Ningxia",2012,136.586139015751,2162,0.0631758274818458,-2.76183352754521,-0.121974349750001
"Ningxia",2013,144.108362423488,2364.9,0.060936345056234,-2.79792548332702,-0.0360919557818087
"Ningxia",2014,144.572756369138,2516.4,0.0574522160106254,-2.85680170257445,-0.0588762192474275
"Ningxia",2015,141.821275481159,2644.7,0.0536247118694594,-2.92574527481209,-0.0689435722376381
"Ningxia",2016,139.49294795748,2853.3,0.0488882865305017,-3.01821745044896,-0.0924721756368792
"Ningxia",2017,178.62443190329,3271.6,0.0545984936738263,-2.9077489850033,0.110468465445659
"Ningxia",2018,191.589038029348,3580.6,0.0535075233283102,-2.92793301200759,-0.0201840270042832
"Ningxia",2019,212.413783553335,3841.5,0.055294490056836,-2.89508201272655,0.0328509992810422
"Ningxia",2020,225.910830195951,4036.2,0.0559711684742955,-2.88291856950037,0.0121634432261772
"Ningxia",2021,235.318051076706,4666.5,0.0504270976270665,-2.98722659705682,-0.104308027556451
"Qinghai",2008,31.5743831821182,909.2,0.0347276541818282,-3.36021895894078,NA
"Qinghai",2009,33.4567010245663,953.3,0.0350956687554456,-3.34967755340514,0.0105414055356388
"Qinghai",2010,32.011273447716,1160.8,0.0275769068295279,-3.59077656557052,-0.241099012165385
"Qinghai",2011,36.8548645069952,1388.3,0.0265467582705433,-3.6288476377868,-0.0380710722162774
"Qinghai",2012,44.9078850164483,1547.9,0.0290121358075123,-3.54004106041126,0.0888065773755411
"Qinghai",2013,48.1493511776158,1736.1,0.0277342037772109,-3.58508883411811,-0.0450477737068513
"Qinghai",2014,48.7531564259549,1875.1,0.0260002967446829,-3.64964732776875,-0.0645584936506389
"Qinghai",2015,51.356416779516,2054.3,0.0249994727057957,-3.68890054610454,-0.039253218335793
"Qinghai",2016,56.6716968474342,2310.7,0.024525770046927,-3.70803087557605,-0.0191303294715031
"Qinghai",2017,53.4861511074583,2517,0.0212499607101543,-3.85140023254734,-0.14336935697129
"Qinghai",2018,51.9379739318779,2799.9,0.01854993890206,-3.9872887836236,-0.135888551076266
"Qinghai",2019,51.7524033337068,3020.2,0.0171354225990685,-4.06660746104352,-0.0793186774199182
"Qinghai",2020,47.9265034692119,3080.6,0.0155575223882399,-4.16321100245782,-0.0966035414143036
"Qinghai",2021,56.3810183420015,3446.3,0.0163598695244179,-4.11292392311942,0.0502870793384078
"Shaanxi",2008,165.361509604559,7256.8,0.0227871113444713,-3.78156019476861,NA
"Shaanxi",2009,185.950595134729,8094.9,0.022971327025007,-3.77350849185553,0.00805170291307178
"Shaanxi",2010,225.257072763346,9973,0.0225866913429605,-3.79039442479108,-0.0168859329355482
"Shaanxi",2011,248.071823817291,12320.1,0.0201355365473731,-3.90526903753572,-0.114874612744634
"Shaanxi",2012,268.677029983577,14311.5,0.0187735059206636,-3.97530866262555,-0.0700396250898336
"Shaanxi",2013,273.346827855695,16106.3,0.0169714228504184,-4.07622435820552,-0.10091569557997
"Shaanxi",2014,285.34407571155,17635.6,0.0161800038394809,-4.12397913005386,-0.0477547718483455
"Shaanxi",2015,284.025106293031,18188.3,0.015615813808494,-4.15947117250659,-0.0354920424527219
"Shaanxi",2016,272.288743204809,19354.6,0.0140684252428265,-4.26382233715974,-0.104351164653156
"Shaanxi",2017,274.029639185478,21776.1,0.0125839631148589,-4.37533204434466,-0.111509707184916
"Shaanxi",2018,276.165925723287,24354.8,0.0113392811980918,-4.47948236910319,-0.104150324758531
"Shaanxi",2019,296.2725401668,26214.5,0.0113018573753762,-4.48278819726871,-0.0033058281655185
"Shaanxi",2020,309.784522890704,26297,0.0117802229490324,-4.44133317487393,0.0414550223947829
"Shaanxi",2021,339.104428070125,30476.6,0.0111267145308245,-4.49840634767406,-0.057073172800135
"Shandong",2008,697.730108206895,27460.2,0.0254087773653103,-3.67266059908827,NA
"Shandong",2009,717.996111404959,29957.2,0.0239673972001709,-3.73106082215674,-0.0584002230684635
"Shandong",2010,795.764140397353,34429.4,0.0231129250116863,-3.76736329361433,-0.0363024714575908
"Shandong",2011,831.190785238098,39622,0.0209780118428675,-3.86428044490539,-0.0969171512910623
"Shandong",2012,873.528980756926,43584.3,0.0200422854274802,-3.90991096598048,-0.0456305210750876
"Shandong",2013,795.312910034458,48058.1,0.0165489877884157,-4.10143033985027,-0.191519373869793
"Shandong",2014,819.946931650812,51552.7,0.0159050240171865,-4.14112024374215,-0.0396899038918779
"Shandong",2015,855.289353511037,56159.1,0.0152297553470593,-4.18450417608726,-0.0433839323451153
"Shandong",2016,864.255269651618,59702.6,0.0144760072367304,-4.23526267336847,-0.0507584972812083
"Shandong",2017,837.091018686765,63958.6,0.0130880134756978,-4.33605846949989,-0.100795796131417
"Shandong",2018,902.904569958245,67864.4,0.0133045391981399,-4.31965000888844,0.0164084606114452
"Shandong",2019,938.623952753534,72024.3,0.0130320454728964,-4.34034391836248,-0.020693909474037
"Shandong",2020,927.635533074158,74355.9,0.012475614350363,-4.38397939203504,-0.0436354736725573
"Shandong",2021,947.162916768497,84838,0.0111643711163452,-4.49502772162255,-0.111048329587516
"Shanghai",2008,178.154545696192,14877.1,0.0119750855809393,-4.42492698907693,NA
"Shanghai",2009,179.058757628587,16181.4,0.0110657148101269,-4.50390370656009,-0.0789767174831546
"Shanghai",2010,195.503028277744,18319.6,0.0106717956875556,-4.54015093471143,-0.0362472281513453
"Shanghai",2011,201.494692074047,20406.1,0.00987423819711001,-4.6178261157672,-0.0776751810557688
"Shanghai",2012,195.926394292253,21774.9,0.00899780914228092,-4.71077415991493,-0.0929480441477279
"Shanghai",2013,207.6336299104,23809.4,0.00872065780365738,-4.74206060770718,-0.0312864477922448
"Shanghai",2014,194.219946924818,25964.5,0.00748021132410862,-4.89549423550865,-0.153433627801474
"Shanghai",2015,195.323781792194,27821.6,0.00702058047675885,-4.95890937536598,-0.0634151398573275
"Shanghai",2016,194.70978472737,30963.9,0.00628828360533943,-5.06906712224201,-0.110157746876031
"Shanghai",2017,196.153508548694,34378.3,0.00570573613438401,-5.16628327079602,-0.0972161485540113
"Shanghai",2018,190.641610428532,37769.1,0.00504755502324735,-5.28885130674757,-0.122568035951555
"Shanghai",2019,192.912182202166,40241.2,0.00479389735400947,-5.34041155454471,-0.0515602477971395
"Shanghai",2020,179.89884417441,41603.9,0.00432408606343179,-5.44355447574188,-0.103142921197162
"Shanghai",2021,194.07221824893,47059.4,0.0041239841189843,-5.49093556371158,-0.0473810879697085
"Shanxi",2008,370.905572222662,7295.8,0.0508382318899451,-2.97910661119749,NA
"Shanxi",2009,375.424135643172,7231.2,0.0519172662411732,-2.95810386126273,0.0210027499347634
"Shanxi",2010,443.010211698084,9004.5,0.0491987574766043,-3.01188691034334,-0.0537830490806099
"Shanxi",2011,474.815966623553,11005.1,0.0431450842449003,-3.14318679042439,-0.131299880081052
"Shanxi",2012,501.494772546674,11819.7,0.0424287226026611,-3.15992972621542,-0.0167429357910245
"Shanxi",2013,508.75768023823,12171.8,0.0417980643978894,-3.17490524679418,-0.0149755205787678
"Shanxi",2014,498.32294433857,12307,0.0404910168472065,-3.2066751357141,-0.0317698889199178
"Shanxi",2015,461.609438446486,12036.1,0.0383520773711157,-3.2609465838976,-0.0542714481834947
"Shanxi",2016,474.563664000773,12160.1,0.0390262961653911,-3.24351959941302,0.0174269844845742
"Shanxi",2017,508.588454203344,14679.1,0.0346471142102271,-3.36254084079066,-0.119021241377636
"Shanxi",2018,541.683591128264,16153.1,0.0335343427037698,-3.39518520992758,-0.0326443691369271
"Shanxi",2019,564.863335419597,17311,0.0326303122534572,-3.4225135989021,-0.0273283889745106
"Shanxi",2020,583.248583824907,18202.7,0.0320418720203545,-3.44071173088723,-0.018198131985133
"Shanxi",2021,613.728119536092,23087.8,0.0265823560294221,-3.62750759044459,-0.186795859557363
"Sichuan",2008,230.142200424072,12941.4,0.0177834083193527,-4.02948937326548,NA
"Sichuan",2009,263.114779515293,14396.2,0.0182766827020528,-4.00212920086538,0.0273601724001056
"Sichuan",2010,304.460861989703,17466.7,0.0174309321159523,-4.04950894320067,-0.0473797423352904
"Sichuan",2011,308.646932392617,21313.1,0.0144815598102865,-4.23487917612126,-0.185370232920595
"Sichuan",2012,338.287215735507,24224.9,0.0139644421952416,-4.27124102343741,-0.0363618473161464
"Sichuan",2013,351.769103097847,26858.4,0.0130971726944958,-4.33535889691621,-0.0641178734788008
"Sichuan",2014,351.479893606324,29357.5,0.0119724054707085,-4.42515082131357,-0.0897919243973639
"Sichuan",2015,332.377429265006,30829.1,0.0107812887585108,-4.52994316976466,-0.104792348451084
"Sichuan",2016,319.09752066659,33879.2,0.00941868523066041,-4.66505977225169,-0.13511660248703
"Sichuan",2017,318.840771464251,38517.1,0.00827790180112863,-4.7941657483584,-0.129105976106714
"Sichuan",2018,296.312542841121,43539,0.00680568094905996,-4.98999758189527,-0.195831833536865
"Sichuan",2019,315.163355136338,47168.6,0.00668163471326981,-5.00839260381668,-0.0183950219214104
"Sichuan",2020,307.553488361691,49445.1,0.00622010044193845,-5.07996922413981,-0.0715766203231363
"Sichuan",2021,314.901880950459,55131.3,0.00571185299367979,-5.16521179067664,-0.0852425665368228
"Tianjin",2008,110.230151604369,5278.3,0.0208836465536951,-3.86878888783987,NA
"Tianjin",2009,122.346881505351,5828.6,0.0209907836367826,-3.86367181203121,0.00511707580866316
"Tianjin",2010,139.152455087994,6991.6,0.0199028055220541,-3.91689457618083,-0.0532227641496212
"Tianjin",2011,154.289343771918,8240.8,0.0187226171939518,-3.97802301033561,-0.0611284341547793
"Tianjin",2012,160.325300138126,9193,0.0174399325724057,-4.04899272676992,-0.0709697164343059
"Tianjin",2013,159.651405048541,10075.2,0.015845978744694,-4.14483951780727,-0.0958467910373546
"Tianjin",2014,158.105102633357,10749.2,0.0147085459972237,-4.21932659376656,-0.0744870759592873
"Tianjin",2015,154.353027442504,10889.2,0.0141748730340616,-4.25628438644113,-0.036957792674567
"Tianjin",2016,148.945871170961,11487,0.012966472636107,-4.34538828093418,-0.0891038944930536
"Tianjin",2017,143.990987149696,12468.2,0.0115486587598608,-4.46118597344471,-0.115797692510527
"Tianjin",2018,154.336749792366,13411.1,0.0115081350368252,-4.46470109919196,-0.00351512574725188
"Tianjin",2019,158.466482039819,14097.2,0.011240989844779,-4.48818837391192,-0.0234872747199635
"Tianjin",2020,161.872530601664,14230.8,0.0113748018805453,-4.47635473139172,0.0118336425202008
"Tianjin",2021,155.545984470301,16093.2,0.00966532351989044,-4.63921069353592,-0.162855962144201
"Xinjiang",2008,137.18970466869,4183.9,0.0327899100525085,-3.41763443126724,NA
"Xinjiang",2009,156.913401190345,4289.5,0.0365808138921425,-3.30823138661843,0.109403044648809
"Xinjiang",2010,169.318860391565,5425.4,0.031208548750611,-3.46706322328039,-0.158831836661963
"Xinjiang",2011,206.386970478773,6607.6,0.0312347857737716,-3.46622287659153,0.000840346688863125
"Xinjiang",2012,256.080891538687,7499.5,0.0341463952981782,-3.37709825349483,0.0891246230966942
"Xinjiang",2013,296.459224112884,8518.4,0.0348022192093449,-3.35807412385148,0.0190241296433555
"Xinjiang",2014,332.081926831215,9400.2,0.0353271129158119,-3.34310453858921,0.0149695852622629
"Xinjiang",2015,345.729701462627,9545.7,0.0362183707284565,-3.31818881018753,0.0249157284016865
"Xinjiang",2016,373.612506116726,9913.9,0.0376857247013512,-3.2784739113727,0.0397148988148244
"Xinjiang",2017,407.756088491733,11460.8,0.0355783268612779,-3.33601862254722,-0.0575447111745206
"Xinjiang",2018,421.422550385871,13110.1,0.0321448768801055,-3.4375021915372,-0.101483568989972
"Xinjiang",2019,455.274574437606,14024.9,0.0324618766934243,-3.42768890299627,0.00981328854092967
"Xinjiang",2020,466.895607300014,14262.2,0.0327365769166057,-3.41926226606036,0.0084266369359054
"Xinjiang",2021,520.710125694009,16791.5,0.031010340094334,-3.47343457868277,-0.0541723126224118
"Yunnan",2008,163.765254264694,6120.6,0.0267564052976332,-3.62098138392498,NA
"Yunnan",2009,187.167017428968,6690.2,0.027976296288447,-3.57639768846906,0.0445836954559193
"Yunnan",2010,198.126342692032,7869.9,0.0251752046013332,-3.68189571324735,-0.105498024778294
"Yunnan",2011,209.161009084033,9666.2,0.0216383903792631,-3.83328620950492,-0.151390496257569
"Yunnan",2012,215.818475312003,11266.3,0.0191561093981168,-3.95513358561201,-0.121847376107087
"Yunnan",2013,211.506979912879,13027,0.0162360466656083,-4.12052140580364,-0.165387820191629
"Yunnan",2014,199.73043717106,14275.1,0.0139915263060196,-4.26930339646874,-0.148781990665101
"Yunnan",2015,179.815726217958,15358.6,0.0117078201280038,-4.44749827344067,-0.178194876971936
"Yunnan",2016,183.884608881383,16773.6,0.0109627395956374,-4.51325306559224,-0.0657547921515675
"Yunnan",2017,199.008898534891,18864.6,0.0105493304143682,-4.55169288890662,-0.0384398233143841
"Yunnan",2018,212.244111484533,21427.5,0.00990522046363474,-4.61469334126663,-0.0630004523600043
"Yunnan",2019,223.279321499963,23902.1,0.0093414102317354,-4.67329804973049,-0.0586047084638572
"Yunnan",2020,235.642074451337,25214.5,0.00934549860006491,-4.67286048475583,0.000437564974660631
"Yunnan",2021,234.368091542853,27895.3,0.00840170536050349,-4.7793205746309,-0.106460089875076
"Zhejiang",2008,330.161126031889,21607.9,0.0152796489261746,-4.18123347154341,NA
"Zhejiang",2009,338.474607812529,23227.5,0.0145721497282329,-4.22864312482459,-0.047409653281183
"Zhejiang",2010,361.120355733812,27902.2,0.012942361381318,-4.3472495195938,-0.118606394769213
"Zhejiang",2011,382.705656145378,32353.1,0.0118290258474575,-4.43719895032856,-0.0899494307347597
"Zhejiang",2012,380.758441162038,34978.5,0.010885499411411,-4.5203237046489,-0.0831247543203339
"Zhejiang",2013,382.428833355554,38023.3,0.0100577496786327,-4.59941182932964,-0.0790881246807373
"Zhejiang",2014,378.777646276331,40744.1,0.00929650296058402,-4.67811697528199,-0.0787051459523536
"Zhejiang",2015,378.841713867574,44222,0.0085668154734651,-4.75985920545654,-0.0817422301745507
"Zhejiang",2016,374.571910642678,48095.8,0.00778803784618777,-4.8551663319324,-0.0953071264758636
"Zhejiang",2017,384.564190075313,53135.2,0.00723746574917028,-4.92848416850593,-0.0733178365735236
"Zhejiang",2018,388.825337517578,59311.7,0.00655562625110355,-5.02743162840414,-0.0989474598982145
"Zhejiang",2019,381.407215710234,64632,0.00590121326448561,-5.13259731116266,-0.105165682758519
"Zhejiang",2020,386.972900857218,67164.5,0.00576156899637782,-5.15654544616269,-0.0239481350000332
"Zhejiang",2021,442.202952948787,76765.3,0.00576045365482564,-5.15673904785737,-0.000193601694672196
